{"cameraMode":{"drawMode":0,"name":"Shaded","section":"Shading Mode"},"sceneLighting":true,"audioPlay":false,"sceneViewState":{"m_AlwaysRefresh":false,"showFog":true,"showSkybox":true,"showFlares":true,"showImageEffects":true,"showParticleSystems":true,"showVisualEffectGraphs":true,"m_FxEnabled":true},"in2DMode":false,"pivot":{"x":-3.8200607299804689,"y":4.394323348999023,"z":-3.7334976196289064},"rotation":{"x":0.003997405990958214,"y":-0.2992498576641083,"z":-0.001256268355064094,"w":-0.9541853666305542},"size":6.261475086212158,"orthographic":false}